Handle,Title,Body (HTML),Vendor,Product Category,Type,Tags,Published,Option1 Name,Option1 Value,Option2 Name,Option2 Value,Option3 Name,Option3 Value,Variant SKU,Variant Grams,Variant Inventory Tracker,Variant Inventory Policy,Variant Fulfillment Service,Variant Price,Variant Compare At Price,Variant Requires Shipping,Variant Taxable,Variant Barcode,Image Src,Image Position,Image Alt Text,Gift Card,SEO Title,SEO Description,Google Shopping / Google Product Category,Google Shopping / Gender,Google Shopping / Age Group,Google Shopping / MPN,Google Shopping / AdWords Grouping,Google Shopping / AdWords Labels,Google Shopping / Condition,Google Shopping / Custom Product,Google Shopping / Custom Label 0,Google Shopping / Custom Label 1,Google Shopping / Custom Label 2,Google Shopping / Custom Label 3,Google Shopping / Custom Label 4,Variant Image,Variant Weight Unit,Variant Tax Code,Cost per item,Included / India,Included / International,Price / International,Compare At Price / International,Included / Mexico,Price / Mexico,Compare At Price / Mexico,Status
blue-chest-print-t-shirt,Blue Chest Print T-Shirt,Hac lorem ex maecenas metus leo ipsum mi feugiat dolor. At dapibus nibh inceptos aptent donec. Conubia risus integer montes lacinia semper eleifend. Hac nascetur tellus nisi rutrum ad tristique amet neque consectetuer praesent nulla.<br><br>Dolor lorem sociosqu torquent nunc sollicitudin est euismod. Velit dictum tempus consectetur accumsan porta ut. Sollicitudin nec nisl elementum justo parturient nulla dictumst morbi. Dictum lobortis taciti pellentesque imperdiet vel lectus inceptos. Leo accumsan hac diam magna amet netus. Ultricies molestie commodo eget aliquet duis aenean scelerisque ullamcorper. Libero quisque cras ipsum rutrum suspendisse mus nunc nisi dis.<br><br>Curae sociosqu volutpat arcu fusce mollis dictumst vulputate tincidunt vivamus. Pede non aptent rutrum natoque sit habitasse vehicula sociosqu nascetur fermentum congue. Nostra etiam netus vestibulum bibendum integer tristique velit potenti. Molestie finibus curabitur odio si montes dictumst litora class natoque lacinia.,Shoptala,,T-Shirts,"",true,Size,Small,,,,,TS-5S,0.0,shopify,deny,manual,2585.00,2856.00,true,true,"",https://cdn.shopify.com/s/files/1/0738/0330/1171/products/15_bce67cde-0ce5-4609-87b4-b575bbd648e6.jpg?v=1678952872,1,,false,,,,,,,,,,,,,,,,,kg,,,true,true,,,true,,,active
blue-chest-print-t-shirt,,,,,,,,,Medium,,,,,TS-5M,0.0,shopify,deny,manual,2585.00,2856.00,true,true,"",https://cdn.shopify.com/s/files/1/0738/0330/1171/products/15_15_eed4d52e-0dda-4492-8f77-32fb224ea36e.jpg?v=1678952873,2,,,,,,,,,,,,,,,,,,,kg,,,,,,,,,,
blue-chest-print-t-shirt,,,,,,,,,Large,,,,,TS-5L,0.0,shopify,deny,manual,2585.00,2856.00,true,true,"",https://cdn.shopify.com/s/files/1/0738/0330/1171/products/10_93bc07d1-d0ef-442b-a470-356ba3532eeb.jpg?v=1678952873,3,,,,,,,,,,,,,,,,,,,kg,,,,,,,,,,
blue-chest-print-t-shirt,,,,,,,,,X-Large,,,,,TS-5XL,0.0,shopify,deny,manual,2585.00,2856.00,true,true,"",https://cdn.shopify.com/s/files/1/0738/0330/1171/products/10_10_d06a9322-8d94-4fd4-8344-591e4457c28d.jpg?v=1678952873,4,,,,,,,,,,,,,,,,,,,kg,,,,,,,,,,
blue-chest-print-t-shirt,,,,,,,,,,,,,,,,,,,,,,,,https://cdn.shopify.com/s/files/1/0738/0330/1171/products/11_c7db90ef-b8cf-48da-97dd-a250aba62629.jpg?v=1678952873,5,,,,,,,,,,,,,,,,,,,,,,,,,,,,,
blue-chest-print-t-shirt,,,,,,,,,,,,,,,,,,,,,,,,https://cdn.shopify.com/s/files/1/0738/0330/1171/products/11_11_05707e31-8501-478b-8ced-f56989c28b61.jpg?v=1678952873,6,,,,,,,,,,,,,,,,,,,,,,,,,,,,,
blue-chest-print-t-shirt,,,,,,,,,,,,,,,,,,,,,,,,https://cdn.shopify.com/s/files/1/0738/0330/1171/products/12_8cc499a9-89bf-43a3-b078-033a6dc743a7.jpg?v=1678952873,7,,,,,,,,,,,,,,,,,,,,,,,,,,,,,
blue-chest-print-t-shirt,,,,,,,,,,,,,,,,,,,,,,,,https://cdn.shopify.com/s/files/1/0738/0330/1171/products/12_12_7f17b086-960a-4af5-81ab-0500ee4d9765.jpg?v=1678952873,8,,,,,,,,,,,,,,,,,,,,,,,,,,,,,
blue-chest-print-t-shirt,,,,,,,,,,,,,,,,,,,,,,,,https://cdn.shopify.com/s/files/1/0738/0330/1171/products/13_5127af24-034c-40f6-860a-3f67341d23d9.jpg?v=1678952873,9,,,,,,,,,,,,,,,,,,,,,,,,,,,,,
blue-chest-print-t-shirt,,,,,,,,,,,,,,,,,,,,,,,,https://cdn.shopify.com/s/files/1/0738/0330/1171/products/13_13_2a906de9-34f7-4225-91cc-084a20423672.jpg?v=1678952873,10,,,,,,,,,,,,,,,,,,,,,,,,,,,,,
embroidered-women-jumpsuit,Embroidered Women Jumpsuit,Nulla sociosqu lacus venenatis feugiat congue aenean fusce auctor sollicitudin aliquet. Nisl eu hac litora maximus iaculis. Risus suscipit mus letius rutrum vel cras cubilia integer a netus natoque. Mi suscipit si rhoncus id mollis tristique nostra. In at diam fringilla neque dignissim orci malesuada etiam. Euismod faucibus ac venenatis per consectetur. Egestas aliquet proin tempor platea augue. Justo leo aliquet facilisi donec aliquam odio litora consectetuer platea diam.<br><br>Felis pulvinar vel nam et taciti. Tempus amet consequat semper dolor fames. Amet sociosqu convallis eros neque feugiat eu. Penatibus volutpat magnis vestibulum hendrerit aptent dis venenatis augue nisi auctor. Lectus aptent euismod ullamcorper morbi sit. Pretium eleifend arcu hendrerit vivamus justo elementum sapien mus euismod.<br><br>Fames placerat curabitur elit fringilla faucibus potenti litora nunc. Placerat integer suscipit aliquam quis per. Leo eget quisque vivamus ut conubia viverra dolor curae imperdiet. Mattis hac placerat netus consectetur praesent eget nostra nisl vehicula. Lectus habitasse sodales auctor suscipit amet nostra natoque nisi mauris et ultricies.,Shoptala,,Jumpsuits,"",true,Size,Small,,,,,J-1S,0.0,shopify,deny,manual,1489.00,1789.00,true,true,"",https://cdn.shopify.com/s/files/1/0738/0330/1171/products/14_60af038f-060e-4afa-b627-4ecd0f0de1b9.jpg?v=1678952719,1,,false,,,,,,,,,,,,,,,,,kg,,,true,true,,,true,,,active
embroidered-women-jumpsuit,,,,,,,,,Medium,,,,,J-1M,0.0,shopify,deny,manual,1489.00,1789.00,true,true,"",,,,,,,,,,,,,,,,,,,,,kg,,,,,,,,,,
embroidered-women-jumpsuit,,,,,,,,,Large,,,,,J-1L,0.0,shopify,deny,manual,1489.00,1789.00,true,true,"",,,,,,,,,,,,,,,,,,,,,kg,,,,,,,,,,
embroidered-women-jumpsuit,,,,,,,,,X-Large,,,,,J-1XL,0.0,shopify,deny,manual,1489.00,1789.00,true,true,"",,,,,,,,,,,,,,,,,,,,,kg,,,,,,,,,,
men-self-design-crew-neck-black-grey-sweater,"Men Self Design Crew Neck Black, Grey Sweater",Commodo bibendum tristique at ante potenti vel. Quisque sollicitudin amet parturient libero non inceptos purus augue aptent. Ligula ridiculus dolor ullamcorper amet donec mattis ut nisl. Mi magna posuere enim sociosqu etiam mus volutpat dui vitae cursus. Lacinia sollicitudin velit luctus lectus hac nulla letius proin nibh montes.<br><br>Vulputate placerat et tempus laoreet integer hendrerit. Hendrerit per primis laoreet torquent luctus montes gravida sollicitudin vestibulum. Sodales nibh convallis taciti est rutrum elit faucibus. Orci nam lacus dapibus tristique lectus fringilla cubilia lobortis vehicula. Facilisis letius mattis ultrices nascetur neque natoque maecenas luctus. Viverra mi blandit penatibus sodales amet elementum habitasse donec metus volutpat.<br><br>Suscipit elit enim netus pharetra fermentum montes. Vehicula nam curae porta primis euismod ultrices volutpat nunc purus tempus magnis. Mattis molestie nostra diam litora eu. Accumsan ut donec netus volutpat neque integer dui laoreet consectetur tristique litora. Facilisi eget elit vitae porttitor nisi efficitur cubilia sociosqu. Cubilia pellentesque at luctus egestas bibendum porta mollis conubia vulputate. Tellus est feugiat aliquam penatibus etiam cursus mollis posuere leo. Curae ad duis leo venenatis ac.,Shoptala,,T-Shirts,"",true,Size,Small,,,,,W-1S,0.0,shopify,deny,manual,0.00,,true,true,"",https://cdn.shopify.com/s/files/1/0738/0330/1171/products/9_074918cc-5d8a-49ac-844c-4ac643c4f146.jpg?v=1679032840,1,,false,,,,,,,,,,,,,,,,,kg,,,true,true,,,true,,,active
men-self-design-crew-neck-black-grey-sweater,,,,,,,,,Medium,,,,,W-1M,0.0,shopify,deny,manual,0.00,,true,true,"",https://cdn.shopify.com/s/files/1/0738/0330/1171/products/9_9_c1eaee9b-8b53-4d55-924d-51b8bab022dd.jpg?v=1679032840,2,,,,,,,,,,,,,,,,,,,kg,,,,,,,,,,
men-self-design-crew-neck-black-grey-sweater,,,,,,,,,Large,,,,,W-1L,0.0,shopify,deny,manual,0.00,,true,true,"",https://cdn.shopify.com/s/files/1/0738/0330/1171/products/10_1af4cf1b-8373-48db-9b79-1f74d6175823.jpg?v=1679032840,3,,,,,,,,,,,,,,,,,,,kg,,,,,,,,,,
men-self-design-crew-neck-black-grey-sweater,,,,,,,,,X-Large,,,,,W-1XL,0.0,shopify,deny,manual,0.00,,true,true,"",https://cdn.shopify.com/s/files/1/0738/0330/1171/products/10_10_e42bfc77-ee2e-4f2a-9e91-22e5016642fa.jpg?v=1679032840,4,,,,,,,,,,,,,,,,,,,kg,,,,,,,,,,
men-self-design-crew-neck-black-grey-sweater,,,,,,,,,,,,,,,,,,,,,,,,https://cdn.shopify.com/s/files/1/0738/0330/1171/products/11_54287eb7-5f34-4758-bda4-ace06b728ecd.jpg?v=1679032840,5,,,,,,,,,,,,,,,,,,,,,,,,,,,,,
men-self-design-crew-neck-black-grey-sweater,,,,,,,,,,,,,,,,,,,,,,,,https://cdn.shopify.com/s/files/1/0738/0330/1171/products/11_11_0b161fcd-6c5d-4ac7-8c49-7e5cb9b4f266.jpg?v=1679032840,6,,,,,,,,,,,,,,,,,,,,,,,,,,,,,
men-self-design-crew-neck-black-grey-sweater,,,,,,,,,,,,,,,,,,,,,,,,https://cdn.shopify.com/s/files/1/0738/0330/1171/products/12_40857a58-e4d1-403c-aca7-704964773acb.jpg?v=1679032840,7,,,,,,,,,,,,,,,,,,,,,,,,,,,,,
men-self-design-crew-neck-black-grey-sweater,,,,,,,,,,,,,,,,,,,,,,,,https://cdn.shopify.com/s/files/1/0738/0330/1171/products/12_12_dd1d98a5-35d8-47c9-8d96-d3cdb98e8212.jpg?v=1679032840,8,,,,,,,,,,,,,,,,,,,,,,,,,,,,,
men-self-design-crew-neck-black-grey-sweater,,,,,,,,,,,,,,,,,,,,,,,,https://cdn.shopify.com/s/files/1/0738/0330/1171/products/7_8b9be4d2-68de-4a7f-a951-cb388dab1bc7.jpg?v=1679032855,9,,,,,,,,,,,,,,,,,,,,,,,,,,,,,
men-self-design-crew-neck-black-grey-sweater,,,,,,,,,,,,,,,,,,,,,,,,https://cdn.shopify.com/s/files/1/0738/0330/1171/products/7_7_fb3f3d5f-3fea-4076-a59b-7cd71540e96e.jpg?v=1679032855,10,,,,,,,,,,,,,,,,,,,,,,,,,,,,,
the-3p-fulfilled-snowboard,Womens Designer Neck Knee Length,Magnis torquent rhoncus accumsan neque fusce lectus turpis cras magna. Sed primis justo morbi orci pretium bibendum. Eros tempus molestie at dui diam integer pretium vel volutpat hac. Accumsan ullamcorper urna nisi tortor bibendum curabitur. Nec quam lacinia laoreet volutpat proin nam.<br><br>Integer facilisis fringilla vulputate velit morbi litora tellus posuere. Ut lacinia dui mus aptent tincidunt dictumst ex sollicitudin montes eleifend consequat. Risus pulvinar praesent phasellus imperdiet dis vitae inceptos finibus proin. Massa lobortis platea enim erat tellus metus penatibus nam potenti imperdiet ac. Augue porta lacus fermentum sagittis ut aptent inceptos.<br><br>Accumsan nisl mauris rhoncus facilisis ante bibendum viverra lacinia convallis. Consectetur penatibus quis ipsum si rhoncus sodales phasellus bibendum gravida natoque viverra. Primis tempor mattis diam auctor pede sem et eleifend. Metus convallis cubilia nascetur maecenas rutrum si mollis proin. Tortor fames taciti ullamcorper justo gravida. Consectetuer auctor pellentesque id quisque nisl nullam lorem neque pede augue facilisis.,Shoptala,Apparel & Accessories > Clothing > Dresses,Dresses,"Accessory, Sport, Winter",true,Size,Small,,,,,sku-hosted-1,0.0,shopify,continue,manual,2629.95,,true,true,"",https://cdn.shopify.com/s/files/1/0738/0330/1171/products/1.jpg?v=1678950457,1,,false,,,,,,,,,,,,,,,,,kg,,,true,true,,,true,,,active
the-3p-fulfilled-snowboard,,,,,,,,,Medium,,,,,sku-hosted-2,0.0,shopify,continue,manual,2629.95,,true,true,"",https://cdn.shopify.com/s/files/1/0738/0330/1171/products/1_1.jpg?v=1678950461,2,,,,,,,,,,,,,,,,,,,kg,,,,,,,,,,
the-3p-fulfilled-snowboard,,,,,,,,,Large,,,,,sku-hosted-3,0.0,shopify,continue,manual,2629.95,,true,true,"",https://cdn.shopify.com/s/files/1/0738/0330/1171/products/4.jpg?v=1678950478,3,,,,,,,,,,,,,,,,,,,kg,,,,,,,,,,
the-3p-fulfilled-snowboard,,,,,,,,,Extra Large,,,,,sku-hosted-4,0.0,shopify,continue,manual,2629.95,,true,true,"",https://cdn.shopify.com/s/files/1/0738/0330/1171/products/4_4.jpg?v=1678950478,4,,,,,,,,,,,,,,,,,,,kg,,,,,,,,,,
the-3p-fulfilled-snowboard,,,,,,,,,,,,,,,,,,,,,,,,https://cdn.shopify.com/s/files/1/0738/0330/1171/products/5.jpg?v=1678950478,5,,,,,,,,,,,,,,,,,,,,,,,,,,,,,
the-3p-fulfilled-snowboard,,,,,,,,,,,,,,,,,,,,,,,,https://cdn.shopify.com/s/files/1/0738/0330/1171/products/5_5.jpg?v=1678950478,6,,,,,,,,,,,,,,,,,,,,,,,,,,,,,
the-3p-fulfilled-snowboard,,,,,,,,,,,,,,,,,,,,,,,,https://cdn.shopify.com/s/files/1/0738/0330/1171/products/6.jpg?v=1678950478,7,,,,,,,,,,,,,,,,,,,,,,,,,,,,,
the-3p-fulfilled-snowboard,,,,,,,,,,,,,,,,,,,,,,,,https://cdn.shopify.com/s/files/1/0738/0330/1171/products/6_6.jpg?v=1678950478,8,,,,,,,,,,,,,,,,,,,,,,,,,,,,,
the-3p-fulfilled-snowboard,,,,,,,,,,,,,,,,,,,,,,,,https://cdn.shopify.com/s/files/1/0738/0330/1171/products/7.jpg?v=1678950478,9,,,,,,,,,,,,,,,,,,,,,,,,,,,,,
the-3p-fulfilled-snowboard,,,,,,,,,,,,,,,,,,,,,,,,https://cdn.shopify.com/s/files/1/0738/0330/1171/products/7_7.jpg?v=1678950478,10,,,,,,,,,,,,,,,,,,,,,,,,,,,,,
the-3p-fulfilled-snowboard,,,,,,,,,,,,,,,,,,,,,,,,https://cdn.shopify.com/s/files/1/0738/0330/1171/products/8.jpg?v=1678950478,11,,,,,,,,,,,,,,,,,,,,,,,,,,,,,
the-3p-fulfilled-snowboard,,,,,,,,,,,,,,,,,,,,,,,,https://cdn.shopify.com/s/files/1/0738/0330/1171/products/8_8.jpg?v=1678950478,12,,,,,,,,,,,,,,,,,,,,,,,,,,,,,
the-archived-snowboard,Solid Cotton Men's T-Shirt,At pulvinar est hendrerit erat feugiat et purus molestie venenatis. Aptent tempor mi nulla curae imperdiet fusce. Velit iaculis aenean magna ad vel venenatis habitant. Turpis tempor dis posuere ipsum est felis. Eleifend cursus praesent class dis per felis semper ipsum accumsan ad.<br><br>Sodales sit maximus integer viverra mauris. Enim ex imperdiet proin himenaeos ullamcorper cubilia interdum adipiscing phasellus faucibus. Tempus euismod eget integer nascetur etiam arcu odio ut praesent urna. Egestas lacinia non ex taciti fames class consequat facilisi himenaeos. Ultricies elementum ad hendrerit congue ligula dis penatibus montes faucibus lectus. Torquent at ornare platea venenatis nam. Placerat malesuada congue inceptos feugiat si natoque. Libero aliquam accumsan ornare penatibus mi.<br><br>Eget elit ullamcorper facilisis finibus vehicula. Consectetur ex vestibulum urna efficitur natoque laoreet. Proin lobortis at vulputate cubilia neque bibendum rutrum class facilisis quisque sem. Adipiscing hendrerit finibus ultrices netus nec.,Shoptala,,T-Shirts,"Archived, Premium, Snow, Snowboard, Sport, Winter",true,Size,Small,,,,,"",0.0,shopify,deny,manual,629.95,,true,true,"",https://cdn.shopify.com/s/files/1/0738/0330/1171/products/2.jpg?v=1678950821,1,,false,,,,,,,,,,,,,,,,,kg,,,true,true,,,true,,,active
the-archived-snowboard,,,,,,,,,Medium,,,,,"",0.0,shopify,deny,manual,629.95,,true,true,"",https://cdn.shopify.com/s/files/1/0738/0330/1171/products/2_2.jpg?v=1678950825,2,,,,,,,,,,,,,,,,,,,kg,,,,,,,,,,
the-archived-snowboard,,,,,,,,,Large,,,,,"",0.0,shopify,deny,manual,629.95,,true,true,"",https://cdn.shopify.com/s/files/1/0738/0330/1171/products/1_977a6fe6-c110-4642-b6bf-bed467fa2a8f.jpg?v=1678950838,3,,,,,,,,,,,,,,,,,,,kg,,,,,,,,,,
the-archived-snowboard,,,,,,,,,X-Large,,,,,"",0.0,shopify,deny,manual,629.95,,true,true,"",https://cdn.shopify.com/s/files/1/0738/0330/1171/products/1_1_55177988-24d4-41d9-b6d6-7c46d29ccfdf.jpg?v=1678950838,4,,,,,,,,,,,,,,,,,,,kg,,,,,,,,,,
the-archived-snowboard,,,,,,,,,,,,,,,,,,,,,,,,https://cdn.shopify.com/s/files/1/0738/0330/1171/products/5_bb5c5bcd-25ab-4255-9a5b-1242bae3ac22.jpg?v=1678950838,5,,,,,,,,,,,,,,,,,,,,,,,,,,,,,
the-archived-snowboard,,,,,,,,,,,,,,,,,,,,,,,,https://cdn.shopify.com/s/files/1/0738/0330/1171/products/5_5_03d2b2e5-1503-4bc7-83f7-6d2b7d744f4d.jpg?v=1678950838,6,,,,,,,,,,,,,,,,,,,,,,,,,,,,,
the-archived-snowboard,,,,,,,,,,,,,,,,,,,,,,,,https://cdn.shopify.com/s/files/1/0738/0330/1171/products/6_9dec3d7f-0dbb-4a26-bc01-c6b22616076d.jpg?v=1678950838,7,,,,,,,,,,,,,,,,,,,,,,,,,,,,,
the-archived-snowboard,,,,,,,,,,,,,,,,,,,,,,,,https://cdn.shopify.com/s/files/1/0738/0330/1171/products/6_6_007f5b6c-fa96-44ce-a867-46a726ca57d2.jpg?v=1678950838,8,,,,,,,,,,,,,,,,,,,,,,,,,,,,,
the-archived-snowboard,,,,,,,,,,,,,,,,,,,,,,,,https://cdn.shopify.com/s/files/1/0738/0330/1171/products/7_49e5e0f3-a24a-4cd0-83d9-e3f5c4c3b10c.jpg?v=1678950838,9,,,,,,,,,,,,,,,,,,,,,,,,,,,,,
the-archived-snowboard,,,,,,,,,,,,,,,,,,,,,,,,https://cdn.shopify.com/s/files/1/0738/0330/1171/products/7_7_47e1fa6a-b3fe-4fce-8497-f18c6772d3d3.jpg?v=1678950839,10,,,,,,,,,,,,,,,,,,,,,,,,,,,,,
the-archived-snowboard,,,,,,,,,,,,,,,,,,,,,,,,https://cdn.shopify.com/s/files/1/0738/0330/1171/products/8_59417574-59cd-4553-8248-1646141d6530.jpg?v=1678950839,11,,,,,,,,,,,,,,,,,,,,,,,,,,,,,
the-archived-snowboard,,,,,,,,,,,,,,,,,,,,,,,,https://cdn.shopify.com/s/files/1/0738/0330/1171/products/8_8_2fd26822-fb08-4a86-a6f2-43dbca10ae2c.jpg?v=1678950839,12,,,,,,,,,,,,,,,,,,,,,,,,,,,,,
the-collection-snowboard-hydrogen,Women Printed Tie-Up Neck Blouson Top,Pretium elit letius fringilla ultrices dictum. Erat rhoncus nec mus fringilla leo malesuada eu congue sapien nisi. Leo congue cubilia dis orci ridiculus mattis conubia himenaeos nisi urna interdum. Dolor ligula leo mollis magna torquent natoque duis. Libero nisi porta ligula posuere venenatis elit praesent vel dictum sagittis enim. Fames risus mollis et torquent nisi ex laoreet neque orci turpis facilisi. Volutpat magna vestibulum ultrices rhoncus letius sit.<br><br>Adipiscing elit massa donec nulla taciti curabitur. Interdum nullam morbi mollis bibendum ante pretium. Hac nisi ex felis non rhoncus montes ac tincidunt feugiat mi cubilia. Ad natoque nibh ullamcorper si posuere fusce potenti nec class velit sapien. Neque lorem non cras sit litora et urna. Maximus aptent neque euismod nullam lacinia id facilisi. Rhoncus iaculis ultrices rutrum velit felis accumsan nec fermentum hac finibus nibh. Elit rutrum posuere litora per est auctor cursus.<br><br>Dictumst fusce eget justo posuere scelerisque dolor vivamus. Etiam turpis phasellus lacinia finibus lorem ornare sem amet eleifend. Lobortis tellus dictumst finibus maximus vestibulum aenean ullamcorper. Himenaeos volutpat convallis penatibus neque quis purus si sed nec aliquet. Potenti placerat molestie ultrices vehicula magnis eleifend netus orci. Vivamus faucibus magnis cursus ante mus eget. Elit blandit velit est suspendisse curae iaculis.,Shoptala,,Tops,"Accessory, Sport, Winter",true,Size,Small,,,,,"",0.0,shopify,continue,manual,600.00,,true,true,"",https://cdn.shopify.com/s/files/1/0738/0330/1171/products/6_536f6d0d-d0a6-435e-85da-84f589257a1c.jpg?v=1679132814,1,,false,,,,,,,,,,,,,,,,,kg,,,true,true,,,true,,,active
the-collection-snowboard-hydrogen,,,,,,,,,Medium,,,,,"",0.0,shopify,continue,manual,600.00,,true,true,"",https://cdn.shopify.com/s/files/1/0738/0330/1171/products/1_47205158-2976-476d-8b1a-61ff8624f516.jpg?v=1679132814,2,,,,,,,,,,,,,,,,,,,kg,,,,,,,,,,
the-collection-snowboard-hydrogen,,,,,,,,,Large,,,,,"",0.0,shopify,continue,manual,600.00,,true,true,"",https://cdn.shopify.com/s/files/1/0738/0330/1171/products/1_1_9873c60a-9ed0-497f-9af7-654d8ac1d5e1.jpg?v=1679132814,3,,,,,,,,,,,,,,,,,,,kg,,,,,,,,,,
the-collection-snowboard-hydrogen,,,,,,,,,X-Large,,,,,"",0.0,shopify,continue,manual,600.00,,true,true,"",https://cdn.shopify.com/s/files/1/0738/0330/1171/products/2_7b57865f-b323-4a3a-aaab-8cacd61eeb73.jpg?v=1679132814,4,,,,,,,,,,,,,,,,,,,kg,,,,,,,,,,
the-collection-snowboard-hydrogen,,,,,,,,,,,,,,,,,,,,,,,,https://cdn.shopify.com/s/files/1/0738/0330/1171/products/2_2_60fdec35-5b73-4cab-be93-34c11df18f54.jpg?v=1679132814,5,,,,,,,,,,,,,,,,,,,,,,,,,,,,,
the-collection-snowboard-hydrogen,,,,,,,,,,,,,,,,,,,,,,,,https://cdn.shopify.com/s/files/1/0738/0330/1171/products/6_06e8d1b6-1845-4824-8138-3816202f53e3.jpg?v=1679132814,6,,,,,,,,,,,,,,,,,,,,,,,,,,,,,
the-collection-snowboard-hydrogen,,,,,,,,,,,,,,,,,,,,,,,,https://cdn.shopify.com/s/files/1/0738/0330/1171/products/6_6_9a47959e-3ca0-410c-9fb4-ed80d08bebb1.jpg?v=1679132814,7,,,,,,,,,,,,,,,,,,,,,,,,,,,,,
the-collection-snowboard-hydrogen,,,,,,,,,,,,,,,,,,,,,,,,https://cdn.shopify.com/s/files/1/0738/0330/1171/products/7_66f27be5-a06b-4f05-8c78-438dcee5787f.jpg?v=1679132814,8,,,,,,,,,,,,,,,,,,,,,,,,,,,,,
the-collection-snowboard-hydrogen,,,,,,,,,,,,,,,,,,,,,,,,https://cdn.shopify.com/s/files/1/0738/0330/1171/products/7_7_20acc9af-93a8-44f0-861e-738e87a6a565.jpg?v=1679132814,9,,,,,,,,,,,,,,,,,,,,,,,,,,,,,
the-collection-snowboard-hydrogen,,,,,,,,,,,,,,,,,,,,,,,,https://cdn.shopify.com/s/files/1/0738/0330/1171/products/8_efaaf67e-eaed-4995-b275-e768db4dd2f4.jpg?v=1679132814,10,,,,,,,,,,,,,,,,,,,,,,,,,,,,,
the-collection-snowboard-hydrogen,,,,,,,,,,,,,,,,,,,,,,,,https://cdn.shopify.com/s/files/1/0738/0330/1171/products/8_8_a32272e9-1f4c-44fc-9ee2-9d859014b714.jpg?v=1679132814,11,,,,,,,,,,,,,,,,,,,,,,,,,,,,,
the-collection-snowboard-hydrogen,,,,,,,,,,,,,,,,,,,,,,,,https://cdn.shopify.com/s/files/1/0738/0330/1171/products/6_6_28ffc347-4cf4-4522-b95b-5582cb15419d.jpg?v=1679132819,12,,,,,,,,,,,,,,,,,,,,,,,,,,,,,
the-collection-snowboard-liquid,Abstract printed jumpsuit,Cubilia feugiat velit donec consectetuer at pulvinar volutpat accumsan. Tristique egestas eleifend gravida si magna arcu consequat cubilia himenaeos sagittis. Sociosqu magna quis leo suscipit est parturient tellus fusce donec lobortis. Magnis sit penatibus sapien erat eu accumsan nisi finibus.<br><br>Eros pellentesque litora quam aliquet rutrum. Eu eros condimentum commodo diam non ex cras semper malesuada conubia consectetur. Et feugiat mus ligula ullamcorper magna tortor vitae. Magna commodo amet ac augue vel dictum quam lobortis.<br><br>Quam id nec nulla lectus laoreet scelerisque natoque vel. Libero nullam metus ligula erat non lacinia dictumst mollis hac penatibus faucibus. Condimentum ad morbi magnis lectus suspendisse quisque feugiat imperdiet tempor. Facilisi iaculis condimentum netus facilisis quam bibendum.,Shoptala,,Jumpsuits,"",true,Size,Small,,,,,"",0.0,shopify,deny,manual,749.95,,true,true,"",https://cdn.shopify.com/s/files/1/0738/0330/1171/products/4_3d9b776a-22bf-465d-bd84-3061cbfdd1f7.jpg?v=1678951203,1,,false,,,,,,,,,,,,,,,,,kg,,,true,true,,,true,,,active
the-collection-snowboard-liquid,,,,,,,,,Medium,,,,,"",0.0,shopify,deny,manual,749.95,,true,true,"",https://cdn.shopify.com/s/files/1/0738/0330/1171/products/4_4_f22fc530-5a2d-43f1-8764-591eda7165c4.jpg?v=1678951205,2,,,,,,,,,,,,,,,,,,,kg,,,,,,,,,,
the-collection-snowboard-liquid,,,,,,,,,Large,,,,,"",0.0,shopify,deny,manual,749.95,,true,true,"",https://cdn.shopify.com/s/files/1/0738/0330/1171/products/1_101b881d-218b-4fec-a423-cee10eb6ad12.jpg?v=1678951215,3,,,,,,,,,,,,,,,,,,,kg,,,,,,,,,,
the-collection-snowboard-liquid,,,,,,,,,X-Large,,,,,"",0.0,shopify,deny,manual,749.95,,true,true,"",https://cdn.shopify.com/s/files/1/0738/0330/1171/products/1_1_79d9b8b2-48b5-4582-b65e-018a6e9c3080.jpg?v=1678951215,4,,,,,,,,,,,,,,,,,,,kg,,,,,,,,,,
the-collection-snowboard-liquid,,,,,,,,,,,,,,,,,,,,,,,,https://cdn.shopify.com/s/files/1/0738/0330/1171/products/2_8ebec75a-a9a9-4e71-9624-e79017c06040.jpg?v=1678951215,5,,,,,,,,,,,,,,,,,,,,,,,,,,,,,
the-collection-snowboard-liquid,,,,,,,,,,,,,,,,,,,,,,,,https://cdn.shopify.com/s/files/1/0738/0330/1171/products/2_2_f859c5d6-91d8-46a7-b793-0fae06b6e876.jpg?v=1678951215,6,,,,,,,,,,,,,,,,,,,,,,,,,,,,,
the-collection-snowboard-liquid,,,,,,,,,,,,,,,,,,,,,,,,https://cdn.shopify.com/s/files/1/0738/0330/1171/products/3_77556442-823c-4fc7-9165-75d7cefd5779.jpg?v=1678951215,7,,,,,,,,,,,,,,,,,,,,,,,,,,,,,
the-collection-snowboard-liquid,,,,,,,,,,,,,,,,,,,,,,,,https://cdn.shopify.com/s/files/1/0738/0330/1171/products/3_3_83eb9106-1438-4f21-8e37-29fa14f3af9c.jpg?v=1678951215,8,,,,,,,,,,,,,,,,,,,,,,,,,,,,,
the-collection-snowboard-liquid,,,,,,,,,,,,,,,,,,,,,,,,https://cdn.shopify.com/s/files/1/0738/0330/1171/products/7_4ffad5f2-de6d-4bc3-b0cb-146fae28cec8.jpg?v=1678951215,9,,,,,,,,,,,,,,,,,,,,,,,,,,,,,
the-collection-snowboard-liquid,,,,,,,,,,,,,,,,,,,,,,,,https://cdn.shopify.com/s/files/1/0738/0330/1171/products/7_7_8c58f4a2-2d64-4afb-805e-e20822461828.jpg?v=1678951215,10,,,,,,,,,,,,,,,,,,,,,,,,,,,,,
the-collection-snowboard-liquid,,,,,,,,,,,,,,,,,,,,,,,,https://cdn.shopify.com/s/files/1/0738/0330/1171/products/8_2e6ddb88-74ca-4f95-958d-3bdb1237e3a3.jpg?v=1678951215,11,,,,,,,,,,,,,,,,,,,,,,,,,,,,,
the-collection-snowboard-liquid,,,,,,,,,,,,,,,,,,,,,,,,https://cdn.shopify.com/s/files/1/0738/0330/1171/products/8_8_ba366d1f-0936-4b95-a771-883c221b7cf0.jpg?v=1678951215,12,,,,,,,,,,,,,,,,,,,,,,,,,,,,,
the-collection-snowboard-oxygen,logo-print cotton T-shirt,Sem nascetur auctor maecenas himenaeos pharetra ipsum venenatis potenti. Felis sem gravida donec curabitur posuere rutrum placerat. In justo aenean scelerisque vitae dictum natoque facilisis ante ligula morbi. Pede eros eu sapien interdum odio porttitor per netus fusce.<br><br>Taciti non nostra risus magna mus augue fringilla primis. Ligula penatibus nibh accumsan adipiscing quam pellentesque. Ante cubilia nibh amet interdum fames. Molestie a nisi porta bibendum sit sodales. Cursus magnis arcu etiam lacus vel leo sodales lectus rhoncus proin. Eros neque felis nunc ornare aliquam nullam diam sapien massa.<br><br>In curabitur vestibulum euismod interdum turpis primis nam praesent. Parturient in donec ex sem pellentesque orci egestas consequat potenti eget. Vitae efficitur inceptos ultricies pulvinar lacinia eu porta tristique. Metus praesent imperdiet ultricies nec tristique nisi scelerisque curae semper turpis. Facilisi nam ultricies hendrerit mus diam enim sapien maximus ante. Euismod nunc fringilla facilisi dignissim quis ligula neque. Fames pellentesque etiam ridiculus commodo netus dictumst montes porta auctor erat convallis.,Shoptala,,T-Shirts,"",true,Size,Small,,,,,"",0.0,shopify,deny,manual,1025.00,,true,true,"",https://cdn.shopify.com/s/files/1/0738/0330/1171/products/5_559270e6-41a9-4919-b21d-bdf9dc307409.jpg?v=1678951339,1,,false,,,,,,,,,,,,,,,,,kg,,,true,true,,,true,,,active
the-collection-snowboard-oxygen,,,,,,,,,Medium,,,,,"",0.0,shopify,deny,manual,1025.00,,true,true,"",https://cdn.shopify.com/s/files/1/0738/0330/1171/products/5_5_14bba7c9-94f1-44f4-a5a6-f533ec9ed4b7.jpg?v=1678951342,2,,,,,,,,,,,,,,,,,,,kg,,,,,,,,,,
the-collection-snowboard-oxygen,,,,,,,,,Large,,,,,"",0.0,shopify,deny,manual,1025.00,,true,true,"",https://cdn.shopify.com/s/files/1/0738/0330/1171/products/1_454dfc9a-940c-492e-b30d-3a761076b6a1.jpg?v=1678951348,3,,,,,,,,,,,,,,,,,,,kg,,,,,,,,,,
the-collection-snowboard-oxygen,,,,,,,,,X-Large,,,,,"",0.0,shopify,deny,manual,1025.00,,true,true,"",https://cdn.shopify.com/s/files/1/0738/0330/1171/products/1_1_f92acc32-7430-4668-ac43-27e1eb030c7d.jpg?v=1678951349,4,,,,,,,,,,,,,,,,,,,kg,,,,,,,,,,
the-collection-snowboard-oxygen,,,,,,,,,,,,,,,,,,,,,,,,https://cdn.shopify.com/s/files/1/0738/0330/1171/products/2_2a93f17d-954d-40c2-bfd4-7867a28cf124.jpg?v=1678951349,5,,,,,,,,,,,,,,,,,,,,,,,,,,,,,
the-collection-snowboard-oxygen,,,,,,,,,,,,,,,,,,,,,,,,https://cdn.shopify.com/s/files/1/0738/0330/1171/products/2_2_7025b479-a35a-4ff7-94ce-c32e2e66a6aa.jpg?v=1678951349,6,,,,,,,,,,,,,,,,,,,,,,,,,,,,,
the-collection-snowboard-oxygen,,,,,,,,,,,,,,,,,,,,,,,,https://cdn.shopify.com/s/files/1/0738/0330/1171/products/3_b0a2547f-3e38-4760-b3df-f410132d4979.jpg?v=1678951349,7,,,,,,,,,,,,,,,,,,,,,,,,,,,,,
the-collection-snowboard-oxygen,,,,,,,,,,,,,,,,,,,,,,,,https://cdn.shopify.com/s/files/1/0738/0330/1171/products/3_3_a9d07ad8-3e58-4fdc-8423-59bc11964f9a.jpg?v=1678951349,8,,,,,,,,,,,,,,,,,,,,,,,,,,,,,
the-collection-snowboard-oxygen,,,,,,,,,,,,,,,,,,,,,,,,https://cdn.shopify.com/s/files/1/0738/0330/1171/products/4_6a90096d-cc22-411a-8668-0f7ea23ec97c.jpg?v=1678951349,9,,,,,,,,,,,,,,,,,,,,,,,,,,,,,
the-collection-snowboard-oxygen,,,,,,,,,,,,,,,,,,,,,,,,https://cdn.shopify.com/s/files/1/0738/0330/1171/products/4_4_0991526e-baf9-4cf4-a918-d0c7fced7603.jpg?v=1678951349,10,,,,,,,,,,,,,,,,,,,,,,,,,,,,,
the-collection-snowboard-oxygen,,,,,,,,,,,,,,,,,,,,,,,,https://cdn.shopify.com/s/files/1/0738/0330/1171/products/8_6d9f9fc5-1fb4-4ad2-87de-92fe9d698532.jpg?v=1678951349,11,,,,,,,,,,,,,,,,,,,,,,,,,,,,,
the-collection-snowboard-oxygen,,,,,,,,,,,,,,,,,,,,,,,,https://cdn.shopify.com/s/files/1/0738/0330/1171/products/8_8_d7de4d41-e18a-49f1-adb2-83072a89aaec.jpg?v=1678951349,12,,,,,,,,,,,,,,,,,,,,,,,,,,,,,
the-complete-snowboard,The Complete Snowboard,Finibus elementum torquent tempus cubilia vestibulum at curae porttitor ligula aliquam venenatis. Id phasellus accumsan dui pellentesque taciti. Fermentum libero facilisi class praesent pulvinar. Proin donec magnis lobortis montes ligula mi nec. Metus aliquet a sagittis nec lobortis. Letius aliquam convallis neque quisque est netus nisl scelerisque at parturient.<br><br>Massa conubia nibh bibendum pretium consequat viverra ac velit aptent. Quam torquent natoque vehicula ornare et dictum ut fames sollicitudin curabitur. Et phasellus inceptos imperdiet natoque odio consectetur etiam accumsan felis placerat. Fusce metus cursus luctus convallis odio venenatis euismod feugiat letius a. Quisque mattis praesent ligula posuere ad condimentum himenaeos cursus sem pulvinar dui. Quis augue fusce est tristique penatibus sagittis fames at viverra. In sociosqu consequat augue felis mollis rhoncus tempor nostra risus mattis.<br><br>Aenean nunc rutrum eu ad sed montes bibendum magna inceptos quam curabitur. Penatibus tristique venenatis egestas metus per eget eleifend quis habitant tortor. Inceptos aliquet curabitur proin ridiculus cursus morbi. Finibus bibendum augue nisi penatibus purus dignissim nostra dictumst velit dis. Neque lobortis mi et dolor dui tortor viverra. Sapien rhoncus blandit fermentum elementum placerat dignissim tellus hendrerit est ac.,Shoptala,,Winter wear,"",true,Size,Ice,,,,,"",4535.9237,shopify,deny,manual,699.95,,true,true,,https://cdn.shopify.com/s/files/1/0738/0330/1171/products/7_8c3ed3e1-6063-4562-9f93-6ce89c4540de.jpg?v=1678951492,1,,false,Complete Snowboard,snowboard winter sport snowboarding,,,,,,,,,,,,,,,lb,,,true,true,,,true,,,active
the-complete-snowboard,,,,,,,,,Dawn,,,,,"",4535.9237,shopify,deny,manual,699.95,,true,true,,https://cdn.shopify.com/s/files/1/0738/0330/1171/products/7_7_fe4f68fa-6f22-4667-b8a9-544c54e864d6.jpg?v=1678951494,2,,,,,,,,,,,,,,,,,,,lb,,,,,,,,,,
the-complete-snowboard,,,,,,,,,Powder,,,,,"",4535.9237,shopify,deny,manual,699.95,,true,true,,,,,,,,,,,,,,,,,,,,,,lb,,,,,,,,,,
the-complete-snowboard,,,,,,,,,Electric,,,,,"",4535.9237,shopify,deny,manual,699.95,,true,true,,,,,,,,,,,,,,,,,,,,,,lb,,,,,,,,,,
the-complete-snowboard,,,,,,,,,Sunset,,,,,"",4535.9237,shopify,deny,manual,699.95,,true,true,,,,,,,,,,,,,,,,,,,,,,lb,,,,,,,,,,
the-draft-snowboard,Women Regular Fit Solid Curved Collar Casual Shirt,Donec vitae urna nulla nibh suspendisse eu nullam dictum. Elementum phasellus commodo ornare vitae semper quam. Mus vivamus ornare ligula dis iaculis dictumst lobortis fermentum in accumsan ante. Malesuada dictumst consectetur velit per cursus mattis torquent ultrices venenatis pulvinar. Himenaeos arcu sapien tempus rutrum lobortis vitae proin ante nostra. Congue dolor eleifend hendrerit ante porta vel iaculis nam aliquet. Scelerisque feugiat eu ullamcorper suspendisse ac efficitur.<br><br>Si auctor taciti nec ultricies conubia augue venenatis sagittis. Senectus per ut curae justo quisque. Pede praesent tortor accumsan etiam vestibulum faucibus metus dis erat. Maximus odio natoque senectus habitant vehicula risus morbi.<br><br>Tempus hendrerit platea porta sed magna feugiat sapien elit scelerisque vulputate class. Ac odio suscipit platea finibus tristique. Commodo nulla nostra egestas lacinia himenaeos netus donec euismod laoreet eget. Cubilia mattis et imperdiet primis efficitur himenaeos ridiculus. Pretium montes ac diam habitasse sed suspendisse iaculis proin inceptos. Potenti eleifend tincidunt sed ullamcorper sapien class lorem fames donec pharetra.,Shoptala,,Women Shirts,"",true,Size,Small,,,,,"",0.0,shopify,deny,manual,2629.95,,true,true,"",https://cdn.shopify.com/s/files/1/0738/0330/1171/products/8_d09f9da2-48b0-4c72-9112-db483b40c74d.jpg?v=1678951617,1,,false,,,,,,,,,,,,,,,,,kg,,,true,true,,,true,,,active
the-draft-snowboard,,,,,,,,,Medium,,,,,"",0.0,shopify,deny,manual,2629.95,,true,true,"",https://cdn.shopify.com/s/files/1/0738/0330/1171/products/8_8_3cc5e042-ec26-4b9f-9583-3ee6fd3d9cf9.jpg?v=1678951621,2,,,,,,,,,,,,,,,,,,,kg,,,,,,,,,,
the-draft-snowboard,,,,,,,,,Large,,,,,"",0.0,shopify,deny,manual,2629.95,,true,true,"",,,,,,,,,,,,,,,,,,,,,kg,,,,,,,,,,
the-draft-snowboard,,,,,,,,,X-Large,,,,,"",0.0,shopify,deny,manual,2629.95,,true,true,"",,,,,,,,,,,,,,,,,,,,,kg,,,,,,,,,,
the-hidden-snowboard,single-breasted virgin wool blazer,Hac quam risus nullam montes erat dis pede. Dis elit posuere pharetra praesent nostra. Eget sagittis erat pellentesque quis mi. Dapibus nascetur penatibus hac habitant dignissim consectetuer pharetra. Sollicitudin dolor augue natoque posuere nam fusce sit pellentesque erat fringilla congue. Elementum facilisis parturient nostra pharetra non mattis ipsum pretium accumsan.<br><br>Phasellus facilisis eros ut facilisi proin vulputate odio mauris. Leo neque tellus congue justo mauris. Porttitor ornare dictumst sodales pretium blandit. At lobortis lectus vivamus nec quam duis luctus. Natoque elit netus a nisl morbi fames. Urna quis duis et consequat tristique fermentum natoque sed vivamus. Nisi malesuada amet nulla mi arcu eget sit montes litora sodales netus. Lorem potenti parturient nunc dui torquent consectetur viverra hac montes laoreet.<br><br>Egestas dis pellentesque dictumst elit laoreet urna etiam congue mauris. Malesuada velit scelerisque consequat si vitae justo sodales. Proin nam vehicula feugiat ad senectus sit eleifend iaculis mattis magnis primis. Vivamus vestibulum gravida sollicitudin enim id. Habitasse ex duis malesuada odio luctus placerat non conubia tempor. Ornare et laoreet tempor elit eros penatibus est.,Shoptala,,Blazers,"",false,Size,Small,,,,,"",0.0,shopify,deny,manual,2749.95,3749.00,true,true,"",https://cdn.shopify.com/s/files/1/0738/0330/1171/products/9.jpg?v=1678951739,1,,false,Hidden Snowboard,hidden snowboard winter sport snowboarding,,,,,,,,,,,,,,,kg,,,true,true,,,true,,,active
the-hidden-snowboard,,,,,,,,,Medium,,,,,"",0.0,shopify,deny,manual,2749.95,3749.00,true,true,"",https://cdn.shopify.com/s/files/1/0738/0330/1171/products/9_9.jpg?v=1678951744,2,,,,,,,,,,,,,,,,,,,kg,,,,,,,,,,
the-hidden-snowboard,,,,,,,,,Large,,,,,"",0.0,shopify,deny,manual,2749.95,3749.00,true,true,"",https://cdn.shopify.com/s/files/1/0738/0330/1171/products/12.jpg?v=1678951756,3,,,,,,,,,,,,,,,,,,,kg,,,,,,,,,,
the-hidden-snowboard,,,,,,,,,X-Large,,,,,"",0.0,shopify,deny,manual,2749.95,3749.00,true,true,"",https://cdn.shopify.com/s/files/1/0738/0330/1171/products/12_12.jpg?v=1678951756,4,,,,,,,,,,,,,,,,,,,kg,,,,,,,,,,
the-hidden-snowboard,,,,,,,,,,,,,,,,,,,,,,,,https://cdn.shopify.com/s/files/1/0738/0330/1171/products/13.jpg?v=1678951756,5,,,,,,,,,,,,,,,,,,,,,,,,,,,,,
the-hidden-snowboard,,,,,,,,,,,,,,,,,,,,,,,,https://cdn.shopify.com/s/files/1/0738/0330/1171/products/13_13.jpg?v=1678951756,6,,,,,,,,,,,,,,,,,,,,,,,,,,,,,
the-hidden-snowboard,,,,,,,,,,,,,,,,,,,,,,,,https://cdn.shopify.com/s/files/1/0738/0330/1171/products/14.jpg?v=1678951756,7,,,,,,,,,,,,,,,,,,,,,,,,,,,,,
the-hidden-snowboard,,,,,,,,,,,,,,,,,,,,,,,,https://cdn.shopify.com/s/files/1/0738/0330/1171/products/14_14.jpg?v=1678951756,8,,,,,,,,,,,,,,,,,,,,,,,,,,,,,
the-hidden-snowboard,,,,,,,,,,,,,,,,,,,,,,,,https://cdn.shopify.com/s/files/1/0738/0330/1171/products/15.jpg?v=1678951756,9,,,,,,,,,,,,,,,,,,,,,,,,,,,,,
the-hidden-snowboard,,,,,,,,,,,,,,,,,,,,,,,,https://cdn.shopify.com/s/files/1/0738/0330/1171/products/15_15.jpg?v=1678951757,10,,,,,,,,,,,,,,,,,,,,,,,,,,,,,
the-minimal-snowboard,Off-White Fringed Crop Top,Et lectus phasellus tempus accumsan aptent finibus. Turpis vivamus vestibulum condimentum nec aptent. Hac imperdiet dictum auctor ipsum elementum senectus in metus mauris. Tristique morbi aliquam pulvinar purus a tellus facilisi.<br><br>Lacinia fringilla natoque sed augue aliquam mi parturient consequat sollicitudin vehicula. Scelerisque litora mi dis curae non cubilia ligula. Cursus aliquam primis sagittis aptent sed ornare elementum in ipsum quisque etiam. Nulla pulvinar ornare mollis leo vel eget placerat dignissim at.<br><br>Molestie suspendisse vulputate vehicula risus faucibus et adipiscing fames commodo. Gravida potenti libero porttitor tempus tempor. Facilisi convallis nullam eget molestie ex ante hendrerit ultricies. Ad diam potenti sapien id faucibus lobortis ultricies placerat habitasse ullamcorper. Vivamus dictumst augue lectus quis consectetuer vestibulum imperdiet cubilia si mollis. Nisi fringilla potenti massa est iaculis penatibus magna praesent enim volutpat habitant.,Shoptala,,Tops,"",false,Size,Small,,,,,"",0.0,shopify,deny,manual,885.95,,true,true,"",https://cdn.shopify.com/s/files/1/0738/0330/1171/products/10.jpg?v=1678951881,1,,false,,,,,,,,,,,,,,,,,kg,,,true,true,,,true,,,active
the-minimal-snowboard,,,,,,,,,Medium,,,,,"",0.0,shopify,deny,manual,885.95,,true,true,"",https://cdn.shopify.com/s/files/1/0738/0330/1171/products/10_10.jpg?v=1678951883,2,,,,,,,,,,,,,,,,,,,kg,,,,,,,,,,
the-minimal-snowboard,,,,,,,,,Large,,,,,"",0.0,shopify,deny,manual,885.95,,true,true,"",https://cdn.shopify.com/s/files/1/0738/0330/1171/products/9_c2be884b-b5bf-48b1-9cda-bf86017be42a.jpg?v=1678951893,3,,,,,,,,,,,,,,,,,,,kg,,,,,,,,,,
the-minimal-snowboard,,,,,,,,,X-Large,,,,,"",0.0,shopify,deny,manual,885.95,,true,true,"",https://cdn.shopify.com/s/files/1/0738/0330/1171/products/9_9_8c0e9f8e-4b3b-4123-95dd-d78b9759a284.jpg?v=1678951893,4,,,,,,,,,,,,,,,,,,,kg,,,,,,,,,,
the-minimal-snowboard,,,,,,,,,,,,,,,,,,,,,,,,https://cdn.shopify.com/s/files/1/0738/0330/1171/products/13_928debe5-40ea-4dfb-b3bf-9b5f693212c6.jpg?v=1678951893,5,,,,,,,,,,,,,,,,,,,,,,,,,,,,,
the-minimal-snowboard,,,,,,,,,,,,,,,,,,,,,,,,https://cdn.shopify.com/s/files/1/0738/0330/1171/products/13_13_103f1aec-9911-4018-9879-f30a5acce922.jpg?v=1678951894,6,,,,,,,,,,,,,,,,,,,,,,,,,,,,,
the-minimal-snowboard,,,,,,,,,,,,,,,,,,,,,,,,https://cdn.shopify.com/s/files/1/0738/0330/1171/products/14_3499ded8-5de8-4e93-9356-2268f396cb8e.jpg?v=1678951894,7,,,,,,,,,,,,,,,,,,,,,,,,,,,,,
the-minimal-snowboard,,,,,,,,,,,,,,,,,,,,,,,,https://cdn.shopify.com/s/files/1/0738/0330/1171/products/14_14_4aa646c0-868e-4895-bc2f-280a049d4221.jpg?v=1678951894,8,,,,,,,,,,,,,,,,,,,,,,,,,,,,,
the-minimal-snowboard,,,,,,,,,,,,,,,,,,,,,,,,https://cdn.shopify.com/s/files/1/0738/0330/1171/products/15_b00ded50-826c-4b8e-9acb-69c887a2ba84.jpg?v=1678951894,9,,,,,,,,,,,,,,,,,,,,,,,,,,,,,
the-minimal-snowboard,,,,,,,,,,,,,,,,,,,,,,,,https://cdn.shopify.com/s/files/1/0738/0330/1171/products/15_15_ea149453-0cb2-45e8-aee1-a7eb2ad6471c.jpg?v=1678951894,10,,,,,,,,,,,,,,,,,,,,,,,,,,,,,
the-multi-location-snowboard,striped knittet shirt,Integer vel magna pretium adipiscing habitant lacinia. Pretium nullam eu malesuada natoque integer consectetur odio pede ultrices finibus. Ultricies euismod scelerisque velit molestie habitant class nulla. Tellus habitant a vehicula phasellus eros diam. Vulputate fermentum felis mauris scelerisque euismod auctor vehicula leo posuere. Commodo vehicula imperdiet feugiat pulvinar taciti praesent rhoncus lacus.<br><br>Nulla leo gravida hac magnis dis aenean facilisi. Laoreet sagittis ridiculus non mus hac. Lacus commodo eros ex cubilia mus. Egestas commodo a conubia risus turpis nunc. Ut imperdiet ante ultricies consequat fames cubilia aliquet porta molestie. Suscipit rutrum erat elementum aliquet dictumst risus arcu suspendisse faucibus magnis. Viverra massa senectus eget dictum mollis nostra.<br><br>Volutpat tristique mattis ac sed vestibulum magnis consectetur per ridiculus. Convallis tortor habitasse ac aliquam inceptos tempor molestie sollicitudin feugiat. Cubilia egestas fringilla montes duis urna est vestibulum. Nunc consequat cubilia eget aliquam primis quam pulvinar habitasse nulla euismod ad. Per nisl natoque integer nisi maximus. Dictumst enim leo faucibus lectus mauris. Vitae convallis enim posuere diam dapibus consequat.,Shoptala,,Shirts,"",true,Size,Small,,,,,"",0.0,shopify,deny,manual,729.95,,true,true,"",https://cdn.shopify.com/s/files/1/0738/0330/1171/products/11.jpg?v=1678952030,1,,false,,,,,,,,,,,,,,,,,kg,,,true,true,,,true,,,active
the-multi-location-snowboard,,,,,,,,,Medium,,,,,"",0.0,shopify,deny,manual,729.95,,true,true,"",https://cdn.shopify.com/s/files/1/0738/0330/1171/products/11_11.jpg?v=1678952030,2,,,,,,,,,,,,,,,,,,,kg,,,,,,,,,,
the-multi-location-snowboard,,,,,,,,,Large,,,,,"",0.0,shopify,deny,manual,729.95,,true,true,"",https://cdn.shopify.com/s/files/1/0738/0330/1171/products/9_bb19d1ec-b90e-4622-8b3e-1973bb0bfcf8.jpg?v=1678952037,3,,,,,,,,,,,,,,,,,,,kg,,,,,,,,,,
the-multi-location-snowboard,,,,,,,,,X-Large,,,,,"",0.0,shopify,deny,manual,729.95,,true,true,"",https://cdn.shopify.com/s/files/1/0738/0330/1171/products/9_9_f3bd8010-f651-482c-917d-0aa855be2f4d.jpg?v=1678952038,4,,,,,,,,,,,,,,,,,,,kg,,,,,,,,,,
the-multi-location-snowboard,,,,,,,,,,,,,,,,,,,,,,,,https://cdn.shopify.com/s/files/1/0738/0330/1171/products/10_b0f0bfbf-4dd9-466c-ae8f-4ccab1f6f06e.jpg?v=1678952038,5,,,,,,,,,,,,,,,,,,,,,,,,,,,,,
the-multi-location-snowboard,,,,,,,,,,,,,,,,,,,,,,,,https://cdn.shopify.com/s/files/1/0738/0330/1171/products/10_10_c280456a-e112-4998-bd7b-c799697bd8ba.jpg?v=1678952038,6,,,,,,,,,,,,,,,,,,,,,,,,,,,,,
the-multi-location-snowboard,,,,,,,,,,,,,,,,,,,,,,,,https://cdn.shopify.com/s/files/1/0738/0330/1171/products/14_70e5bbbd-4ecf-45eb-b8cf-5f17451e032c.jpg?v=1678952038,7,,,,,,,,,,,,,,,,,,,,,,,,,,,,,
the-multi-location-snowboard,,,,,,,,,,,,,,,,,,,,,,,,https://cdn.shopify.com/s/files/1/0738/0330/1171/products/14_14_f84d8d74-2232-4980-b2a8-0fbad0edf6b5.jpg?v=1678952038,8,,,,,,,,,,,,,,,,,,,,,,,,,,,,,
the-multi-location-snowboard,,,,,,,,,,,,,,,,,,,,,,,,https://cdn.shopify.com/s/files/1/0738/0330/1171/products/15_521d9739-4fbc-4900-ac0e-2d0dfc1dbbfd.jpg?v=1678952038,9,,,,,,,,,,,,,,,,,,,,,,,,,,,,,
the-multi-location-snowboard,,,,,,,,,,,,,,,,,,,,,,,,https://cdn.shopify.com/s/files/1/0738/0330/1171/products/15_15_ff9011e5-b616-4322-b040-e6a6feb58dc6.jpg?v=1678952038,10,,,,,,,,,,,,,,,,,,,,,,,,,,,,,
the-multi-managed-snowboard,Striped Slim Fit Bodycon Dress,Potenti etiam diam dictumst finibus pellentesque nascetur lorem imperdiet quis parturient magnis. Maecenas parturient dignissim augue suscipit diam cras. Urna consectetuer sit elementum molestie tellus porta. Cursus nibh natoque aptent lectus nisi parturient turpis massa lobortis rhoncus orci. Rutrum etiam facilisi ligula nullam in consequat habitasse auctor. Pharetra morbi dictum si est feugiat dolor mollis ut tempus. Sodales risus dis nascetur mauris dictum ut arcu curae.<br><br>Duis vel accumsan elementum nunc leo si id laoreet potenti tortor ultricies. Turpis posuere penatibus aenean ac congue consectetur habitasse porta lectus. Praesent adipiscing accumsan vestibulum leo penatibus per eu fringilla viverra rhoncus. Felis quisque eros himenaeos est iaculis netus.<br><br>In mattis bibendum habitant aliquet leo curae rhoncus conubia blandit ligula. Aptent parturient ad habitasse penatibus faucibus neque dolor eu. Augue luctus elementum sed platea imperdiet. Lacus cras ridiculus penatibus nisl elementum. Massa facilisis netus ridiculus vivamus lobortis pretium dapibus. Finibus facilisis pellentesque vel at consequat fames molestie vehicula nibh.,Multi-managed Vendor,,Dresses,"",true,Size,Small,,,,,sku-managed-1,0.0,shopify,deny,manual,629.95,,true,true,"",https://cdn.shopify.com/s/files/1/0738/0330/1171/products/12_1e6c49fd-ca7d-4bca-8264-955f2e876bd0.jpg?v=1678952155,1,,false,,,,,,,,,,,,,,,,,kg,,,true,true,,,true,,,active
the-multi-managed-snowboard,,,,,,,,,Medium,,,,,sku-managed-2,0.0,shopify,deny,manual,629.95,,true,true,"",https://cdn.shopify.com/s/files/1/0738/0330/1171/products/12_12_fe8a7f3e-f091-4dc0-9a93-6efb164c6f30.jpg?v=1678952157,2,,,,,,,,,,,,,,,,,,,kg,,,,,,,,,,
the-multi-managed-snowboard,,,,,,,,,Large,,,,,sku-managed-3,0.0,shopify,deny,manual,629.95,,true,true,"",https://cdn.shopify.com/s/files/1/0738/0330/1171/products/9_4b48f9ef-b2a5-41ae-adbe-32bcd189c23b.jpg?v=1678952164,3,,,,,,,,,,,,,,,,,,,kg,,,,,,,,,,
the-multi-managed-snowboard,,,,,,,,,X-Large,,,,,sku-managed-4,0.0,shopify,deny,manual,629.95,,true,true,"",https://cdn.shopify.com/s/files/1/0738/0330/1171/products/9_9_d2b085b9-1492-4fb6-bf81-88d90a334fa0.jpg?v=1678952164,4,,,,,,,,,,,,,,,,,,,kg,,,,,,,,,,
the-multi-managed-snowboard,,,,,,,,,,,,,,,,,,,,,,,,https://cdn.shopify.com/s/files/1/0738/0330/1171/products/10_7485ba40-1a7a-4b52-b0a0-9debdf630324.jpg?v=1678952164,5,,,,,,,,,,,,,,,,,,,,,,,,,,,,,
the-multi-managed-snowboard,,,,,,,,,,,,,,,,,,,,,,,,https://cdn.shopify.com/s/files/1/0738/0330/1171/products/10_10_9cb38caa-9c0e-413f-b329-44e5d830918a.jpg?v=1678952164,6,,,,,,,,,,,,,,,,,,,,,,,,,,,,,
the-multi-managed-snowboard,,,,,,,,,,,,,,,,,,,,,,,,https://cdn.shopify.com/s/files/1/0738/0330/1171/products/11_2caf2207-a775-4f72-a7d1-d17b55e1937b.jpg?v=1678952164,7,,,,,,,,,,,,,,,,,,,,,,,,,,,,,
the-multi-managed-snowboard,,,,,,,,,,,,,,,,,,,,,,,,https://cdn.shopify.com/s/files/1/0738/0330/1171/products/11_11_54f9c279-915f-425d-8588-4ba7787b8e7d.jpg?v=1678952165,8,,,,,,,,,,,,,,,,,,,,,,,,,,,,,
the-multi-managed-snowboard,,,,,,,,,,,,,,,,,,,,,,,,https://cdn.shopify.com/s/files/1/0738/0330/1171/products/15_2b91efea-7d21-4ffd-b7e9-68fc5e96981e.jpg?v=1678952165,9,,,,,,,,,,,,,,,,,,,,,,,,,,,,,
the-multi-managed-snowboard,,,,,,,,,,,,,,,,,,,,,,,,https://cdn.shopify.com/s/files/1/0738/0330/1171/products/15_15_79bb63c7-209d-4d0a-8a44-a594b8f10399.jpg?v=1678952165,10,,,,,,,,,,,,,,,,,,,,,,,,,,,,,
